class_label,filepath,quality_score
A,C:\Users\blessy\projects\cancer prediction\data\raw\A\A_1.jpg,29.886085842170168
A,C:\Users\blessy\projects\cancer prediction\data\raw\A\A_2.jpg,20.216655104219782
A,C:\Users\blessy\projects\cancer prediction\data\raw\A\A_3.jpg,40.93709888974502
A,C:\Users\blessy\projects\cancer prediction\data\raw\A\A_4.jpg,41.88268268731407
A,C:\Users\blessy\projects\cancer prediction\data\raw\A\A_5.jpg,42.78966226297468
A,C:\Users\blessy\projects\cancer prediction\data\raw\A\A_6.jpg,18.523325921390438
A,C:\Users\blessy\projects\cancer prediction\data\raw\A\A_7.jpg,30.447239289949778
A,C:\Users\blessy\projects\cancer prediction\data\raw\A\A_8.jpg,32.91688550218573
A,C:\Users\blessy\projects\cancer prediction\data\raw\A\A_9.jpg,23.278135061974474
AGC,C:\Users\blessy\projects\cancer prediction\data\raw\AGC\AGC_68.jpg,19.310323100936152
AGC,C:\Users\blessy\projects\cancer prediction\data\raw\AGC\AGC_111.jpg,38.80225398111056
AGC,C:\Users\blessy\projects\cancer prediction\data\raw\AGC\AGC_101.jpg,42.96445828563327
AGC,C:\Users\blessy\projects\cancer prediction\data\raw\AGC\AGC_8.jpg,40.14052465833227
AGC,C:\Users\blessy\projects\cancer prediction\data\raw\AGC\AGC_26.jpg,35.67216899026582
AGC,C:\Users\blessy\projects\cancer prediction\data\raw\AGC\AGC_22.jpg,21.79787379849803
AGC,C:\Users\blessy\projects\cancer prediction\data\raw\AGC\AGC_2.jpg,29.147134249824845
AGC,C:\Users\blessy\projects\cancer prediction\data\raw\AGC\AGC_114.jpg,42.336200505765106
AGC,C:\Users\blessy\projects\cancer prediction\data\raw\AGC\AGC_96.jpg,49.90681477898041
AGC,C:\Users\blessy\projects\cancer prediction\data\raw\AGC\AGC_110.jpg,29.223094906907676
AGC,C:\Users\blessy\projects\cancer prediction\data\raw\AGC\AGC_72.jpg,41.712594108843504
AGC,C:\Users\blessy\projects\cancer prediction\data\raw\AGC\AGC_91.jpg,34.865827887679416
AGC,C:\Users\blessy\projects\cancer prediction\data\raw\AGC\AGC_57.jpg,27.462592236976505
AGC,C:\Users\blessy\projects\cancer prediction\data\raw\AGC\AGC_109.jpg,37.600787259223985
AGC,C:\Users\blessy\projects\cancer prediction\data\raw\AGC\AGC_62.jpg,26.201309476871856
AGC,C:\Users\blessy\projects\cancer prediction\data\raw\AGC\AGC_43.jpg,25.075889055439525
AGC,C:\Users\blessy\projects\cancer prediction\data\raw\AGC\AGC_102.jpg,27.58057332474069
AGC,C:\Users\blessy\projects\cancer prediction\data\raw\AGC\AGC_97.jpg,35.14006433994004
AGC,C:\Users\blessy\projects\cancer prediction\data\raw\AGC\AGC_87.jpg,50.893314797173524
AGC,C:\Users\blessy\projects\cancer prediction\data\raw\AGC\AGC_19.jpg,29.55076379876786
AGC,C:\Users\blessy\projects\cancer prediction\data\raw\AGC\AGC_20.jpg,34.815287768089455
AGC,C:\Users\blessy\projects\cancer prediction\data\raw\AGC\AGC_52.jpg,43.549332336707586
AGC,C:\Users\blessy\projects\cancer prediction\data\raw\AGC\AGC_64.jpg,35.96702621285348
AGC,C:\Users\blessy\projects\cancer prediction\data\raw\AGC\AGC_83.jpg,35.84495508592875
AGC,C:\Users\blessy\projects\cancer prediction\data\raw\AGC\AGC_59.jpg,23.195188940791066
AGC,C:\Users\blessy\projects\cancer prediction\data\raw\AGC\AGC_17.jpg,43.072233541162994
AGC,C:\Users\blessy\projects\cancer prediction\data\raw\AGC\AGC_7.jpg,35.39411200849252
AGC,C:\Users\blessy\projects\cancer prediction\data\raw\AGC\AGC_88.jpg,55.141686170835776
AGC,C:\Users\blessy\projects\cancer prediction\data\raw\AGC\AGC_42.jpg,39.174757962687515
AGC,C:\Users\blessy\projects\cancer prediction\data\raw\AGC\AGC_93.jpg,34.9491881788149
AGC,C:\Users\blessy\projects\cancer prediction\data\raw\AGC\AGC_46.jpg,35.29364898271998
AGC,C:\Users\blessy\projects\cancer prediction\data\raw\AGC\AGC_86.jpg,49.998444528210946
AGC,C:\Users\blessy\projects\cancer prediction\data\raw\AGC\AGC_95.jpg,55.46350010436209
AGC,C:\Users\blessy\projects\cancer prediction\data\raw\AGC\AGC_1.jpg,46.45868277824565
AGC,C:\Users\blessy\projects\cancer prediction\data\raw\AGC\AGC_12.jpg,28.91136259003126
AGC,C:\Users\blessy\projects\cancer prediction\data\raw\AGC\AGC_85.jpg,51.22834459597071
AGC,C:\Users\blessy\projects\cancer prediction\data\raw\AGC\AGC_33.jpg,30.458109731439933
AGC,C:\Users\blessy\projects\cancer prediction\data\raw\AGC\AGC_75.jpg,29.865895788385977
AGC,C:\Users\blessy\projects\cancer prediction\data\raw\AGC\AGC_116.jpg,22.57614197846209
AGC,C:\Users\blessy\projects\cancer prediction\data\raw\AGC\AGC_81.jpg,30.06181819047248
AGC,C:\Users\blessy\projects\cancer prediction\data\raw\AGC\AGC_66.jpg,23.80502246961567
AGC,C:\Users\blessy\projects\cancer prediction\data\raw\AGC\AGC_90.jpg,42.15047373577628
AGC,C:\Users\blessy\projects\cancer prediction\data\raw\AGC\AGC_82.jpg,34.9491881788149
AGC,C:\Users\blessy\projects\cancer prediction\data\raw\AGC\AGC_38.jpg,51.35389956482089
AGC,C:\Users\blessy\projects\cancer prediction\data\raw\AGC\AGC_11.jpg,44.267483800007945
AGC,C:\Users\blessy\projects\cancer prediction\data\raw\AGC\AGC_35.jpg,34.43329429204582
AGC,C:\Users\blessy\projects\cancer prediction\data\raw\AGC\AGC_34.jpg,27.998000008842155
AGC,C:\Users\blessy\projects\cancer prediction\data\raw\AGC\AGC_24.jpg,50.424313761828486
AGC,C:\Users\blessy\projects\cancer prediction\data\raw\AGC\AGC_103.jpg,36.07809001109502
AGC,C:\Users\blessy\projects\cancer prediction\data\raw\AGC\AGC_47.jpg,41.12246886447238
AGC,C:\Users\blessy\projects\cancer prediction\data\raw\AGC\AGC_112.jpg,29.763737992783575
AGC,C:\Users\blessy\projects\cancer prediction\data\raw\AGC\AGC_6.jpg,30.070713367737923
AGC,C:\Users\blessy\projects\cancer prediction\data\raw\AGC\AGC_108.jpg,32.71026442874727
AGC,C:\Users\blessy\projects\cancer prediction\data\raw\AGC\AGC_65.jpg,42.11161835477159
AGC,C:\Users\blessy\projects\cancer prediction\data\raw\AGC\AGC_115.jpg,35.22324348720135
AGC,C:\Users\blessy\projects\cancer prediction\data\raw\AGC\AGC_73.jpg,43.81423997843909
AGC,C:\Users\blessy\projects\cancer prediction\data\raw\AGC\AGC_30.jpg,25.22828767655173
AGC,C:\Users\blessy\projects\cancer prediction\data\raw\AGC\AGC_3.jpg,35.85824577972117
AGC,C:\Users\blessy\projects\cancer prediction\data\raw\AGC\AGC_45.jpg,42.55900602900623
AGC,C:\Users\blessy\projects\cancer prediction\data\raw\AGC\AGC_44.jpg,34.59417490449136
AGC,C:\Users\blessy\projects\cancer prediction\data\raw\AGC\AGC_15.jpg,31.374357202045843
AGC,C:\Users\blessy\projects\cancer prediction\data\raw\AGC\AGC_27.jpg,41.61571225108989
AGC,C:\Users\blessy\projects\cancer prediction\data\raw\AGC\AGC_77.jpg,24.464973562495583
AGC,C:\Users\blessy\projects\cancer prediction\data\raw\AGC\AGC_58.jpg,32.13478258282516
AGC,C:\Users\blessy\projects\cancer prediction\data\raw\AGC\AGC_84.jpg,47.19964532208872
AGC,C:\Users\blessy\projects\cancer prediction\data\raw\AGC\AGC_100.jpg,49.998444528210946
AGC,C:\Users\blessy\projects\cancer prediction\data\raw\AGC\AGC_32.jpg,26.5969996593931
AGC,C:\Users\blessy\projects\cancer prediction\data\raw\AGC\AGC_98.jpg,47.19964532208872
AGC,C:\Users\blessy\projects\cancer prediction\data\raw\AGC\AGC_5.jpg,49.41966210645533
AGC,C:\Users\blessy\projects\cancer prediction\data\raw\AGC\AGC_55.jpg,35.84495508592875
AGC,C:\Users\blessy\projects\cancer prediction\data\raw\AGC\AGC_89.jpg,42.96445828563327
AGC,C:\Users\blessy\projects\cancer prediction\data\raw\AGC\AGC_104.jpg,29.345132447958264
AGC,C:\Users\blessy\projects\cancer prediction\data\raw\AGC\AGC_16.jpg,25.269607453713
AGC,C:\Users\blessy\projects\cancer prediction\data\raw\AGC\AGC_92.jpg,32.628251634318026
AGC,C:\Users\blessy\projects\cancer prediction\data\raw\AGC\AGC_80.jpg,30.458109731439933
AGC,C:\Users\blessy\projects\cancer prediction\data\raw\AGC\AGC_48.jpg,42.11161835477159
AGC,C:\Users\blessy\projects\cancer prediction\data\raw\AGC\AGC_71.jpg,48.00053141412949
AGC,C:\Users\blessy\projects\cancer prediction\data\raw\AGC\AGC_51.jpg,26.159379994344526
AGC,C:\Users\blessy\projects\cancer prediction\data\raw\AGC\AGC_54.jpg,18.802792555101778
AGC,C:\Users\blessy\projects\cancer prediction\data\raw\AGC\AGC_14.jpg,25.607615368682602
ASC-H,C:\Users\blessy\projects\cancer prediction\data\raw\ASC-H\ASC-H_147.jpg,26.755763418732364
ASC-H,C:\Users\blessy\projects\cancer prediction\data\raw\ASC-H\ASC-H_89.jpg,41.57392435270484
ASC-H,C:\Users\blessy\projects\cancer prediction\data\raw\ASC-H\ASC-H_160.jpg,32.63157072923828
ASC-H,C:\Users\blessy\projects\cancer prediction\data\raw\ASC-H\ASC-H_96.jpg,29.63355923475219
ASC-H,C:\Users\blessy\projects\cancer prediction\data\raw\ASC-H\ASC-H_91.jpg,31.746872641152592
ASC-H,C:\Users\blessy\projects\cancer prediction\data\raw\ASC-H\ASC-H_83.jpg,32.642383328741175
ASC-H,C:\Users\blessy\projects\cancer prediction\data\raw\ASC-H\ASC-H_115.jpg,51.28734851070125
ASC-H,C:\Users\blessy\projects\cancer prediction\data\raw\ASC-H\ASC-H_74.jpg,40.63431687611546
ASC-H,C:\Users\blessy\projects\cancer prediction\data\raw\ASC-H\ASC-H_80.jpg,40.52196251529234
ASC-H,C:\Users\blessy\projects\cancer prediction\data\raw\ASC-H\ASC-H_138.jpg,65.13973224149287
ASC-H,C:\Users\blessy\projects\cancer prediction\data\raw\ASC-H\ASC-H_57.jpg,28.85221301995891
ASC-H,C:\Users\blessy\projects\cancer prediction\data\raw\ASC-H\ASC-H_155.jpg,27.712689950010486
ASC-H,C:\Users\blessy\projects\cancer prediction\data\raw\ASC-H\ASC-H_136.jpg,58.68381633634273
ASC-H,C:\Users\blessy\projects\cancer prediction\data\raw\ASC-H\ASC-H_40.jpg,38.03233949487407
ASC-H,C:\Users\blessy\projects\cancer prediction\data\raw\ASC-H\ASC-H_21.jpg,32.080070737610804
ASC-H,C:\Users\blessy\projects\cancer prediction\data\raw\ASC-H\ASC-H_161.jpg,40.97873485361427
ASC-H,C:\Users\blessy\projects\cancer prediction\data\raw\ASC-H\ASC-H_81.jpg,29.3850902568997
ASC-H,C:\Users\blessy\projects\cancer prediction\data\raw\ASC-H\ASC-H_62.jpg,23.635293174551485
ASC-H,C:\Users\blessy\projects\cancer prediction\data\raw\ASC-H\ASC-H_15.jpg,38.63484543928549
ASC-H,C:\Users\blessy\projects\cancer prediction\data\raw\ASC-H\ASC-H_174.jpg,28.253666147004928
ASC-H,C:\Users\blessy\projects\cancer prediction\data\raw\ASC-H\ASC-H_111.jpg,40.32854259048633
ASC-H,C:\Users\blessy\projects\cancer prediction\data\raw\ASC-H\ASC-H_151.jpg,37.81584204456067
ASC-H,C:\Users\blessy\projects\cancer prediction\data\raw\ASC-H\ASC-H_106.jpg,58.57079517802941
ASC-H,C:\Users\blessy\projects\cancer prediction\data\raw\ASC-H\ASC-H_171.jpg,32.5274776100958
ASC-H,C:\Users\blessy\projects\cancer prediction\data\raw\ASC-H\ASC-H_26.jpg,46.94004014808
ASC-H,C:\Users\blessy\projects\cancer prediction\data\raw\ASC-H\ASC-H_97.jpg,58.231678224922206
ASC-H,C:\Users\blessy\projects\cancer prediction\data\raw\ASC-H\ASC-H_113.jpg,58.761418108946856
ASC-H,C:\Users\blessy\projects\cancer prediction\data\raw\ASC-H\ASC-H_148.jpg,38.129532809183026
ASC-H,C:\Users\blessy\projects\cancer prediction\data\raw\ASC-H\ASC-H_65.jpg,35.36416773576191
ASC-H,C:\Users\blessy\projects\cancer prediction\data\raw\ASC-H\ASC-H_78.jpg,36.85771056655041
ASC-H,C:\Users\blessy\projects\cancer prediction\data\raw\ASC-H\ASC-H_92.jpg,55.933031728187665
ASC-H,C:\Users\blessy\projects\cancer prediction\data\raw\ASC-H\ASC-H_49.jpg,62.84549232290859
ASC-H,C:\Users\blessy\projects\cancer prediction\data\raw\ASC-H\ASC-H_25.jpg,53.91982657543248
ASC-H,C:\Users\blessy\projects\cancer prediction\data\raw\ASC-H\ASC-H_4.jpg,39.14839512922689
ASC-H,C:\Users\blessy\projects\cancer prediction\data\raw\ASC-H\ASC-H_131.jpg,36.32574092449253
ASC-H,C:\Users\blessy\projects\cancer prediction\data\raw\ASC-H\ASC-H_16.jpg,68.01552396593189
ASC-H,C:\Users\blessy\projects\cancer prediction\data\raw\ASC-H\ASC-H_130.jpg,54.084619427953186
ASC-H,C:\Users\blessy\projects\cancer prediction\data\raw\ASC-H\ASC-H_156.jpg,29.049862005505787
ASC-H,C:\Users\blessy\projects\cancer prediction\data\raw\ASC-H\ASC-H_63.jpg,46.438558888113945
ASC-H,C:\Users\blessy\projects\cancer prediction\data\raw\ASC-H\ASC-H_58.jpg,44.90977977231859
ASC-H,C:\Users\blessy\projects\cancer prediction\data\raw\ASC-H\ASC-H_67.jpg,54.084619427953186
ASC-H,C:\Users\blessy\projects\cancer prediction\data\raw\ASC-H\ASC-H_32.jpg,45.97759940437389
ASC-H,C:\Users\blessy\projects\cancer prediction\data\raw\ASC-H\ASC-H_77.jpg,40.55396797374035
ASC-H,C:\Users\blessy\projects\cancer prediction\data\raw\ASC-H\ASC-H_182.jpg,28.89340620120104
ASC-H,C:\Users\blessy\projects\cancer prediction\data\raw\ASC-H\ASC-H_82.jpg,34.43329429204582
ASC-H,C:\Users\blessy\projects\cancer prediction\data\raw\ASC-H\ASC-H_66.jpg,41.95477097645068
ASC-H,C:\Users\blessy\projects\cancer prediction\data\raw\ASC-H\ASC-H_51.jpg,39.692461859520584
ASC-H,C:\Users\blessy\projects\cancer prediction\data\raw\ASC-H\ASC-H_48.jpg,44.36020472662902
ASC-H,C:\Users\blessy\projects\cancer prediction\data\raw\ASC-H\ASC-H_12.jpg,41.414363672448296
ASC-H,C:\Users\blessy\projects\cancer prediction\data\raw\ASC-H\ASC-H_11.jpg,32.224880569220666
ASC-H,C:\Users\blessy\projects\cancer prediction\data\raw\ASC-H\ASC-H_124.jpg,54.70644190038159
ASC-H,C:\Users\blessy\projects\cancer prediction\data\raw\ASC-H\ASC-H_134.jpg,27.126542463138385
ASC-H,C:\Users\blessy\projects\cancer prediction\data\raw\ASC-H\ASC-H_135.jpg,28.583978050452707
ASC-H,C:\Users\blessy\projects\cancer prediction\data\raw\ASC-H\ASC-H_31.jpg,34.726119304272174
ASC-H,C:\Users\blessy\projects\cancer prediction\data\raw\ASC-H\ASC-H_75.jpg,54.82602225311621
ASC-H,C:\Users\blessy\projects\cancer prediction\data\raw\ASC-H\ASC-H_22.jpg,33.465818122034506
ASC-H,C:\Users\blessy\projects\cancer prediction\data\raw\ASC-H\ASC-H_142.jpg,37.384634949572714
ASC-H,C:\Users\blessy\projects\cancer prediction\data\raw\ASC-H\ASC-H_168.jpg,33.24646574702223
ASC-H,C:\Users\blessy\projects\cancer prediction\data\raw\ASC-H\ASC-H_152.jpg,32.5286177078273
ASC-H,C:\Users\blessy\projects\cancer prediction\data\raw\ASC-H\ASC-H_94.jpg,54.82602225311621
ASC-H,C:\Users\blessy\projects\cancer prediction\data\raw\ASC-H\ASC-H_128.jpg,31.30647116563307
ASC-H,C:\Users\blessy\projects\cancer prediction\data\raw\ASC-H\ASC-H_162.jpg,33.9944416524753
ASC-H,C:\Users\blessy\projects\cancer prediction\data\raw\ASC-H\ASC-H_33.jpg,41.70007287723152
ASC-H,C:\Users\blessy\projects\cancer prediction\data\raw\ASC-H\ASC-H_10.jpg,53.080251832319846
ASC-H,C:\Users\blessy\projects\cancer prediction\data\raw\ASC-H\ASC-H_178.jpg,26.029421815124433
ASC-H,C:\Users\blessy\projects\cancer prediction\data\raw\ASC-H\ASC-H_6.jpg,38.323437051750396
ASC-H,C:\Users\blessy\projects\cancer prediction\data\raw\ASC-H\ASC-H_95.jpg,48.70986825634186
ASC-H,C:\Users\blessy\projects\cancer prediction\data\raw\ASC-H\ASC-H_87.jpg,40.51555953299031
ASC-H,C:\Users\blessy\projects\cancer prediction\data\raw\ASC-H\ASC-H_36.jpg,46.78332452428001
ASC-H,C:\Users\blessy\projects\cancer prediction\data\raw\ASC-H\ASC-H_76.jpg,31.92771830077811
ASC-H,C:\Users\blessy\projects\cancer prediction\data\raw\ASC-H\ASC-H_20.jpg,38.409289208375505
ASC-H,C:\Users\blessy\projects\cancer prediction\data\raw\ASC-H\ASC-H_13.jpg,32.27967920052139
ASC-H,C:\Users\blessy\projects\cancer prediction\data\raw\ASC-H\ASC-H_70.jpg,28.716000092634943
ASC-H,C:\Users\blessy\projects\cancer prediction\data\raw\ASC-H\ASC-H_173.jpg,31.57370844286934
ASC-H,C:\Users\blessy\projects\cancer prediction\data\raw\ASC-H\ASC-H_90.jpg,44.16178215610941
ASC-H,C:\Users\blessy\projects\cancer prediction\data\raw\ASC-H\ASC-H_39.jpg,30.041642861023803
ASC-H,C:\Users\blessy\projects\cancer prediction\data\raw\ASC-H\ASC-H_132.jpg,37.616667299823746
ASC-H,C:\Users\blessy\projects\cancer prediction\data\raw\ASC-H\ASC-H_149.jpg,25.86683178587144
ASC-H,C:\Users\blessy\projects\cancer prediction\data\raw\ASC-H\ASC-H_117.jpg,56.72092971472928
ASC-H,C:\Users\blessy\projects\cancer prediction\data\raw\ASC-H\ASC-H_8.jpg,30.37638578497993
ASC-US,C:\Users\blessy\projects\cancer prediction\data\raw\ASC-US\ASC-US_101.jpg,29.457820264457958
ASC-US,C:\Users\blessy\projects\cancer prediction\data\raw\ASC-US\ASC-US_341.jpg,32.04778400561646
ASC-US,C:\Users\blessy\projects\cancer prediction\data\raw\ASC-US\ASC-US_94.jpg,41.29271288797734
ASC-US,C:\Users\blessy\projects\cancer prediction\data\raw\ASC-US\ASC-US_263.jpg,26.338656380185476
ASC-US,C:\Users\blessy\projects\cancer prediction\data\raw\ASC-US\ASC-US_197.jpg,44.112353434328995
ASC-US,C:\Users\blessy\projects\cancer prediction\data\raw\ASC-US\ASC-US_374.jpg,37.81584204456067
ASC-US,C:\Users\blessy\projects\cancer prediction\data\raw\ASC-US\ASC-US_282.jpg,37.75256977559133
ASC-US,C:\Users\blessy\projects\cancer prediction\data\raw\ASC-US\ASC-US_24.jpg,57.26158798589174
ASC-US,C:\Users\blessy\projects\cancer prediction\data\raw\ASC-US\ASC-US_443.jpg,34.840736442569806
ASC-US,C:\Users\blessy\projects\cancer prediction\data\raw\ASC-US\ASC-US_248.jpg,22.328060515687202
ASC-US,C:\Users\blessy\projects\cancer prediction\data\raw\ASC-US\ASC-US_1.jpg,24.95804886382487
ASC-US,C:\Users\blessy\projects\cancer prediction\data\raw\ASC-US\ASC-US_398.jpg,25.552741892781718
ASC-US,C:\Users\blessy\projects\cancer prediction\data\raw\ASC-US\ASC-US_83.jpg,41.263973587532014
ASC-US,C:\Users\blessy\projects\cancer prediction\data\raw\ASC-US\ASC-US_116.jpg,32.46771267521502
ASC-US,C:\Users\blessy\projects\cancer prediction\data\raw\ASC-US\ASC-US_201.jpg,43.63684448551869
ASC-US,C:\Users\blessy\projects\cancer prediction\data\raw\ASC-US\ASC-US_433.jpg,33.077889785543604
ASC-US,C:\Users\blessy\projects\cancer prediction\data\raw\ASC-US\ASC-US_382.jpg,35.716184785729624
ASC-US,C:\Users\blessy\projects\cancer prediction\data\raw\ASC-US\ASC-US_32.jpg,30.194940174778843
ASC-US,C:\Users\blessy\projects\cancer prediction\data\raw\ASC-US\ASC-US_152.jpg,37.96098260696155
ASC-US,C:\Users\blessy\projects\cancer prediction\data\raw\ASC-US\ASC-US_320.jpg,27.570813115522547
ASC-US,C:\Users\blessy\projects\cancer prediction\data\raw\ASC-US\ASC-US_171.jpg,30.620028108423078
ASC-US,C:\Users\blessy\projects\cancer prediction\data\raw\ASC-US\ASC-US_178.jpg,25.299797452375827
ASC-US,C:\Users\blessy\projects\cancer prediction\data\raw\ASC-US\ASC-US_80.jpg,39.51227271532722
ASC-US,C:\Users\blessy\projects\cancer prediction\data\raw\ASC-US\ASC-US_162.jpg,33.077889785543604
ASC-US,C:\Users\blessy\projects\cancer prediction\data\raw\ASC-US\ASC-US_214.jpg,29.622826889311447
ASC-US,C:\Users\blessy\projects\cancer prediction\data\raw\ASC-US\ASC-US_217.jpg,42.61980874533636
ASC-US,C:\Users\blessy\projects\cancer prediction\data\raw\ASC-US\ASC-US_70.jpg,32.78368739576097
ASC-US,C:\Users\blessy\projects\cancer prediction\data\raw\ASC-US\ASC-US_251.jpg,56.03348545672076
ASC-US,C:\Users\blessy\projects\cancer prediction\data\raw\ASC-US\ASC-US_343.jpg,27.397567178187295
ASC-US,C:\Users\blessy\projects\cancer prediction\data\raw\ASC-US\ASC-US_49.jpg,36.972200886280554
ASC-US,C:\Users\blessy\projects\cancer prediction\data\raw\ASC-US\ASC-US_294.jpg,32.558998917541146
ASC-US,C:\Users\blessy\projects\cancer prediction\data\raw\ASC-US\ASC-US_284.jpg,17.799330500396657
ASC-US,C:\Users\blessy\projects\cancer prediction\data\raw\ASC-US\ASC-US_387.jpg,49.94810963370405
ASC-US,C:\Users\blessy\projects\cancer prediction\data\raw\ASC-US\ASC-US_467.jpg,40.24636108797418
ASC-US,C:\Users\blessy\projects\cancer prediction\data\raw\ASC-US\ASC-US_502.jpg,32.30421769915257
ASC-US,C:\Users\blessy\projects\cancer prediction\data\raw\ASC-US\ASC-US_515.jpg,24.315679135549047
ASC-US,C:\Users\blessy\projects\cancer prediction\data\raw\ASC-US\ASC-US_21.jpg,55.05308293348995
ASC-US,C:\Users\blessy\projects\cancer prediction\data\raw\ASC-US\ASC-US_327.jpg,35.51000112219234
ASC-US,C:\Users\blessy\projects\cancer prediction\data\raw\ASC-US\ASC-US_306.jpg,30.391111937459634
ASC-US,C:\Users\blessy\projects\cancer prediction\data\raw\ASC-US\ASC-US_158.jpg,37.731428708381614
ASC-US,C:\Users\blessy\projects\cancer prediction\data\raw\ASC-US\ASC-US_410.jpg,56.72092971472928
ASC-US,C:\Users\blessy\projects\cancer prediction\data\raw\ASC-US\ASC-US_118.jpg,37.50697337281354
ASC-US,C:\Users\blessy\projects\cancer prediction\data\raw\ASC-US\ASC-US_310.jpg,31.204742252479022
ASC-US,C:\Users\blessy\projects\cancer prediction\data\raw\ASC-US\ASC-US_301.jpg,27.481181851483527
ASC-US,C:\Users\blessy\projects\cancer prediction\data\raw\ASC-US\ASC-US_105.jpg,35.784981290407586
ASC-US,C:\Users\blessy\projects\cancer prediction\data\raw\ASC-US\ASC-US_164.jpg,38.971423869347376
ASC-US,C:\Users\blessy\projects\cancer prediction\data\raw\ASC-US\ASC-US_153.jpg,20.976334399962894
ASC-US,C:\Users\blessy\projects\cancer prediction\data\raw\ASC-US\ASC-US_31.jpg,27.542556560773157
ASC-US,C:\Users\blessy\projects\cancer prediction\data\raw\ASC-US\ASC-US_161.jpg,55.43646539114574
ASC-US,C:\Users\blessy\projects\cancer prediction\data\raw\ASC-US\ASC-US_128.jpg,38.69981814085285
ASC-US,C:\Users\blessy\projects\cancer prediction\data\raw\ASC-US\ASC-US_403.jpg,47.36948636905677
ASC-US,C:\Users\blessy\projects\cancer prediction\data\raw\ASC-US\ASC-US_318.jpg,26.711062323606583
ASC-US,C:\Users\blessy\projects\cancer prediction\data\raw\ASC-US\ASC-US_356.jpg,59.11233498036215
ASC-US,C:\Users\blessy\projects\cancer prediction\data\raw\ASC-US\ASC-US_297.jpg,24.987212467166707
ASC-US,C:\Users\blessy\projects\cancer prediction\data\raw\ASC-US\ASC-US_220.jpg,29.656789285253836
ASC-US,C:\Users\blessy\projects\cancer prediction\data\raw\ASC-US\ASC-US_69.jpg,38.657452827935785
ASC-US,C:\Users\blessy\projects\cancer prediction\data\raw\ASC-US\ASC-US_322.jpg,25.97809792445778
ASC-US,C:\Users\blessy\projects\cancer prediction\data\raw\ASC-US\ASC-US_474.jpg,32.50974883197781
ASC-US,C:\Users\blessy\projects\cancer prediction\data\raw\ASC-US\ASC-US_274.jpg,61.395215313300604
ASC-US,C:\Users\blessy\projects\cancer prediction\data\raw\ASC-US\ASC-US_186.jpg,32.6140409583473
ASC-US,C:\Users\blessy\projects\cancer prediction\data\raw\ASC-US\ASC-US_189.jpg,39.60349875015934
ASC-US,C:\Users\blessy\projects\cancer prediction\data\raw\ASC-US\ASC-US_497.jpg,22.13880646735854
ASC-US,C:\Users\blessy\projects\cancer prediction\data\raw\ASC-US\ASC-US_425.jpg,24.600112659362857
ASC-US,C:\Users\blessy\projects\cancer prediction\data\raw\ASC-US\ASC-US_478.jpg,36.92490021824937
ASC-US,C:\Users\blessy\projects\cancer prediction\data\raw\ASC-US\ASC-US_63.jpg,41.27548966280608
ASC-US,C:\Users\blessy\projects\cancer prediction\data\raw\ASC-US\ASC-US_149.jpg,38.80225398111056
ASC-US,C:\Users\blessy\projects\cancer prediction\data\raw\ASC-US\ASC-US_19.jpg,52.54155614735763
ASC-US,C:\Users\blessy\projects\cancer prediction\data\raw\ASC-US\ASC-US_155.jpg,32.75958755269174
ASC-US,C:\Users\blessy\projects\cancer prediction\data\raw\ASC-US\ASC-US_470.jpg,47.414204812289896
ASC-US,C:\Users\blessy\projects\cancer prediction\data\raw\ASC-US\ASC-US_411.jpg,60.23642224899544
ASC-US,C:\Users\blessy\projects\cancer prediction\data\raw\ASC-US\ASC-US_2.jpg,35.81528700109327
ASC-US,C:\Users\blessy\projects\cancer prediction\data\raw\ASC-US\ASC-US_328.jpg,51.55139334369114
ASC-US,C:\Users\blessy\projects\cancer prediction\data\raw\ASC-US\ASC-US_276.jpg,35.58817509848518
ASC-US,C:\Users\blessy\projects\cancer prediction\data\raw\ASC-US\ASC-US_512.jpg,33.78634816620234
ASC-US,C:\Users\blessy\projects\cancer prediction\data\raw\ASC-US\ASC-US_228.jpg,40.1141511407422
ASC-US,C:\Users\blessy\projects\cancer prediction\data\raw\ASC-US\ASC-US_489.jpg,31.8201921125547
ASC-US,C:\Users\blessy\projects\cancer prediction\data\raw\ASC-US\ASC-US_268.jpg,39.42205628552046
ASC-US,C:\Users\blessy\projects\cancer prediction\data\raw\ASC-US\ASC-US_59.jpg,47.52048256980691
ASC-US,C:\Users\blessy\projects\cancer prediction\data\raw\ASC-US\ASC-US_329.jpg,41.71105360622181
ASC-US,C:\Users\blessy\projects\cancer prediction\data\raw\ASC-US\ASC-US_169.jpg,31.3189047463163
HSIL,C:\Users\blessy\projects\cancer prediction\data\raw\HSIL\HSIL_302.jpg,40.83046381991468
HSIL,C:\Users\blessy\projects\cancer prediction\data\raw\HSIL\HSIL_352.jpg,58.20996789188363
HSIL,C:\Users\blessy\projects\cancer prediction\data\raw\HSIL\HSIL_144.jpg,32.878100520640075
HSIL,C:\Users\blessy\projects\cancer prediction\data\raw\HSIL\HSIL_121.jpg,33.75311304883797
HSIL,C:\Users\blessy\projects\cancer prediction\data\raw\HSIL\HSIL_41.jpg,59.83828905759361
HSIL,C:\Users\blessy\projects\cancer prediction\data\raw\HSIL\HSIL_348.jpg,36.57118186255071
HSIL,C:\Users\blessy\projects\cancer prediction\data\raw\HSIL\HSIL_105.jpg,59.29139961313874
HSIL,C:\Users\blessy\projects\cancer prediction\data\raw\HSIL\HSIL_141.jpg,59.86770561181763
HSIL,C:\Users\blessy\projects\cancer prediction\data\raw\HSIL\HSIL_89.jpg,41.01034677442884
HSIL,C:\Users\blessy\projects\cancer prediction\data\raw\HSIL\HSIL_208.jpg,41.90963983483222
HSIL,C:\Users\blessy\projects\cancer prediction\data\raw\HSIL\HSIL_176.jpg,30.06181819047248
HSIL,C:\Users\blessy\projects\cancer prediction\data\raw\HSIL\HSIL_287.jpg,54.817855698589085
HSIL,C:\Users\blessy\projects\cancer prediction\data\raw\HSIL\HSIL_322.jpg,45.851430254666056
HSIL,C:\Users\blessy\projects\cancer prediction\data\raw\HSIL\HSIL_320.jpg,50.09281740633122
HSIL,C:\Users\blessy\projects\cancer prediction\data\raw\HSIL\HSIL_198.jpg,42.88005122815062
HSIL,C:\Users\blessy\projects\cancer prediction\data\raw\HSIL\HSIL_284.jpg,47.058906142270274
HSIL,C:\Users\blessy\projects\cancer prediction\data\raw\HSIL\HSIL_126.jpg,24.917512250464114
HSIL,C:\Users\blessy\projects\cancer prediction\data\raw\HSIL\HSIL_175.jpg,30.447239289949778
HSIL,C:\Users\blessy\projects\cancer prediction\data\raw\HSIL\HSIL_274.jpg,60.03134327954792
HSIL,C:\Users\blessy\projects\cancer prediction\data\raw\HSIL\HSIL_10.jpg,33.38124069169528
HSIL,C:\Users\blessy\projects\cancer prediction\data\raw\HSIL\HSIL_279.jpg,64.54846416694393
HSIL,C:\Users\blessy\projects\cancer prediction\data\raw\HSIL\HSIL_220.jpg,23.343237131187266
HSIL,C:\Users\blessy\projects\cancer prediction\data\raw\HSIL\HSIL_308.jpg,41.768826017873096
HSIL,C:\Users\blessy\projects\cancer prediction\data\raw\HSIL\HSIL_230.jpg,42.85923626280836
HSIL,C:\Users\blessy\projects\cancer prediction\data\raw\HSIL\HSIL_294.jpg,40.83046381991468
HSIL,C:\Users\blessy\projects\cancer prediction\data\raw\HSIL\HSIL_62.jpg,34.92360388213783
HSIL,C:\Users\blessy\projects\cancer prediction\data\raw\HSIL\HSIL_79.jpg,36.07809001109502
HSIL,C:\Users\blessy\projects\cancer prediction\data\raw\HSIL\HSIL_355.jpg,47.28924180556765
HSIL,C:\Users\blessy\projects\cancer prediction\data\raw\HSIL\HSIL_46.jpg,34.062154150262714
HSIL,C:\Users\blessy\projects\cancer prediction\data\raw\HSIL\HSIL_72.jpg,38.405795019714695
HSIL,C:\Users\blessy\projects\cancer prediction\data\raw\HSIL\HSIL_323.jpg,46.557188503866335
HSIL,C:\Users\blessy\projects\cancer prediction\data\raw\HSIL\HSIL_170.jpg,33.97142679230107
HSIL,C:\Users\blessy\projects\cancer prediction\data\raw\HSIL\HSIL_187.jpg,41.87246791935697
HSIL,C:\Users\blessy\projects\cancer prediction\data\raw\HSIL\HSIL_235.jpg,32.155457161245174
HSIL,C:\Users\blessy\projects\cancer prediction\data\raw\HSIL\HSIL_2.jpg,22.031935449136704
HSIL,C:\Users\blessy\projects\cancer prediction\data\raw\HSIL\HSIL_125.jpg,32.517826251861734
HSIL,C:\Users\blessy\projects\cancer prediction\data\raw\HSIL\HSIL_366.jpg,42.19928249215869
HSIL,C:\Users\blessy\projects\cancer prediction\data\raw\HSIL\HSIL_80.jpg,60.03134327954792
HSIL,C:\Users\blessy\projects\cancer prediction\data\raw\HSIL\HSIL_349.jpg,52.97971007135806
HSIL,C:\Users\blessy\projects\cancer prediction\data\raw\HSIL\HSIL_127.jpg,49.85593163735295
HSIL,C:\Users\blessy\projects\cancer prediction\data\raw\HSIL\HSIL_86.jpg,60.03134327954792
HSIL,C:\Users\blessy\projects\cancer prediction\data\raw\HSIL\HSIL_243.jpg,41.97614139813342
HSIL,C:\Users\blessy\projects\cancer prediction\data\raw\HSIL\HSIL_369.jpg,32.9791694648046
HSIL,C:\Users\blessy\projects\cancer prediction\data\raw\HSIL\HSIL_319.jpg,46.51674195573958
HSIL,C:\Users\blessy\projects\cancer prediction\data\raw\HSIL\HSIL_330.jpg,62.44952760798729
HSIL,C:\Users\blessy\projects\cancer prediction\data\raw\HSIL\HSIL_343.jpg,48.66960058596078
HSIL,C:\Users\blessy\projects\cancer prediction\data\raw\HSIL\HSIL_171.jpg,39.947150082894055
HSIL,C:\Users\blessy\projects\cancer prediction\data\raw\HSIL\HSIL_333.jpg,52.97971007135806
HSIL,C:\Users\blessy\projects\cancer prediction\data\raw\HSIL\HSIL_136.jpg,24.875729139997823
HSIL,C:\Users\blessy\projects\cancer prediction\data\raw\HSIL\HSIL_185.jpg,25.299201569489636
HSIL,C:\Users\blessy\projects\cancer prediction\data\raw\HSIL\HSIL_130.jpg,28.14740374375672
HSIL,C:\Users\blessy\projects\cancer prediction\data\raw\HSIL\HSIL_373.jpg,50.23020852801651
HSIL,C:\Users\blessy\projects\cancer prediction\data\raw\HSIL\HSIL_13.jpg,40.99774056655593
HSIL,C:\Users\blessy\projects\cancer prediction\data\raw\HSIL\HSIL_52.jpg,37.81486028766177
HSIL,C:\Users\blessy\projects\cancer prediction\data\raw\HSIL\HSIL_207.jpg,35.48695166500559
HSIL,C:\Users\blessy\projects\cancer prediction\data\raw\HSIL\HSIL_285.jpg,51.28734851070125
HSIL,C:\Users\blessy\projects\cancer prediction\data\raw\HSIL\HSIL_154.jpg,27.149140865422673
HSIL,C:\Users\blessy\projects\cancer prediction\data\raw\HSIL\HSIL_361.jpg,48.717842005218515
HSIL,C:\Users\blessy\projects\cancer prediction\data\raw\HSIL\HSIL_212.jpg,43.084113954768966
HSIL,C:\Users\blessy\projects\cancer prediction\data\raw\HSIL\HSIL_117.jpg,48.66960058596078
HSIL,C:\Users\blessy\projects\cancer prediction\data\raw\HSIL\HSIL_385.jpg,28.665849892515666
HSIL,C:\Users\blessy\projects\cancer prediction\data\raw\HSIL\HSIL_292.jpg,28.253666147004928
HSIL,C:\Users\blessy\projects\cancer prediction\data\raw\HSIL\HSIL_44.jpg,28.764230298014674
HSIL,C:\Users\blessy\projects\cancer prediction\data\raw\HSIL\HSIL_368.jpg,39.985786018819816
HSIL,C:\Users\blessy\projects\cancer prediction\data\raw\HSIL\HSIL_36.jpg,33.50303935598577
HSIL,C:\Users\blessy\projects\cancer prediction\data\raw\HSIL\HSIL_34.jpg,35.15088943537974
HSIL,C:\Users\blessy\projects\cancer prediction\data\raw\HSIL\HSIL_244.jpg,31.313406883068353
HSIL,C:\Users\blessy\projects\cancer prediction\data\raw\HSIL\HSIL_219.jpg,41.87246791935697
HSIL,C:\Users\blessy\projects\cancer prediction\data\raw\HSIL\HSIL_193.jpg,47.2742797843729
HSIL,C:\Users\blessy\projects\cancer prediction\data\raw\HSIL\HSIL_5.jpg,40.11005566767377
HSIL,C:\Users\blessy\projects\cancer prediction\data\raw\HSIL\HSIL_71.jpg,45.38273748895095
HSIL,C:\Users\blessy\projects\cancer prediction\data\raw\HSIL\HSIL_209.jpg,41.22276569346999
HSIL,C:\Users\blessy\projects\cancer prediction\data\raw\HSIL\HSIL_281.jpg,58.761418108946856
HSIL,C:\Users\blessy\projects\cancer prediction\data\raw\HSIL\HSIL_16.jpg,32.641112458736075
HSIL,C:\Users\blessy\projects\cancer prediction\data\raw\HSIL\HSIL_50.jpg,33.39782282866368
HSIL,C:\Users\blessy\projects\cancer prediction\data\raw\HSIL\HSIL_397.jpg,41.768826017873096
HSIL,C:\Users\blessy\projects\cancer prediction\data\raw\HSIL\HSIL_237.jpg,45.61099394207982
HSIL,C:\Users\blessy\projects\cancer prediction\data\raw\HSIL\HSIL_31.jpg,45.51232015985754
HSIL,C:\Users\blessy\projects\cancer prediction\data\raw\HSIL\HSIL_88.jpg,47.058906142270274
HSIL,C:\Users\blessy\projects\cancer prediction\data\raw\HSIL\HSIL_132.jpg,30.05469611896934
LSIL,C:\Users\blessy\projects\cancer prediction\data\raw\LSIL\LSIL_102.jpg,38.971423869347376
LSIL,C:\Users\blessy\projects\cancer prediction\data\raw\LSIL\LSIL_31.jpg,45.41713567562332
LSIL,C:\Users\blessy\projects\cancer prediction\data\raw\LSIL\LSIL_99.jpg,33.72766485700189
LSIL,C:\Users\blessy\projects\cancer prediction\data\raw\LSIL\LSIL_71.jpg,41.86580174189799
LSIL,C:\Users\blessy\projects\cancer prediction\data\raw\LSIL\LSIL_145.jpg,31.110425091207418
LSIL,C:\Users\blessy\projects\cancer prediction\data\raw\LSIL\LSIL_132.jpg,34.179779989940094
LSIL,C:\Users\blessy\projects\cancer prediction\data\raw\LSIL\LSIL_6.jpg,28.909633973993344
LSIL,C:\Users\blessy\projects\cancer prediction\data\raw\LSIL\LSIL_198.jpg,29.7379859200689
LSIL,C:\Users\blessy\projects\cancer prediction\data\raw\LSIL\LSIL_45.jpg,35.52027082452151
LSIL,C:\Users\blessy\projects\cancer prediction\data\raw\LSIL\LSIL_220.jpg,23.97222998446152
LSIL,C:\Users\blessy\projects\cancer prediction\data\raw\LSIL\LSIL_16.jpg,41.70534241132732
LSIL,C:\Users\blessy\projects\cancer prediction\data\raw\LSIL\LSIL_26.jpg,52.173331578134984
LSIL,C:\Users\blessy\projects\cancer prediction\data\raw\LSIL\LSIL_130.jpg,37.22598628376377
LSIL,C:\Users\blessy\projects\cancer prediction\data\raw\LSIL\LSIL_211.jpg,32.44881707828391
LSIL,C:\Users\blessy\projects\cancer prediction\data\raw\LSIL\LSIL_27.jpg,43.25683891370075
LSIL,C:\Users\blessy\projects\cancer prediction\data\raw\LSIL\LSIL_23.jpg,24.711178912750654
LSIL,C:\Users\blessy\projects\cancer prediction\data\raw\LSIL\LSIL_171.jpg,40.32854259048633
LSIL,C:\Users\blessy\projects\cancer prediction\data\raw\LSIL\LSIL_300.jpg,34.32608961468067
LSIL,C:\Users\blessy\projects\cancer prediction\data\raw\LSIL\LSIL_62.jpg,55.81829692712396
LSIL,C:\Users\blessy\projects\cancer prediction\data\raw\LSIL\LSIL_238.jpg,64.54846416694393
LSIL,C:\Users\blessy\projects\cancer prediction\data\raw\LSIL\LSIL_94.jpg,30.458109731439933
LSIL,C:\Users\blessy\projects\cancer prediction\data\raw\LSIL\LSIL_55.jpg,54.62525680460343
LSIL,C:\Users\blessy\projects\cancer prediction\data\raw\LSIL\LSIL_67.jpg,37.73832097400437
LSIL,C:\Users\blessy\projects\cancer prediction\data\raw\LSIL\LSIL_237.jpg,36.89135952995266
LSIL,C:\Users\blessy\projects\cancer prediction\data\raw\LSIL\LSIL_147.jpg,32.588921512493265
LSIL,C:\Users\blessy\projects\cancer prediction\data\raw\LSIL\LSIL_160.jpg,45.21527152018313
LSIL,C:\Users\blessy\projects\cancer prediction\data\raw\LSIL\LSIL_152.jpg,28.716000092634943
LSIL,C:\Users\blessy\projects\cancer prediction\data\raw\LSIL\LSIL_148.jpg,33.75311304883797
LSIL,C:\Users\blessy\projects\cancer prediction\data\raw\LSIL\LSIL_170.jpg,28.583978050452707
LSIL,C:\Users\blessy\projects\cancer prediction\data\raw\LSIL\LSIL_224.jpg,28.253666147004928
LSIL,C:\Users\blessy\projects\cancer prediction\data\raw\LSIL\LSIL_229.jpg,40.32854259048633
LSIL,C:\Users\blessy\projects\cancer prediction\data\raw\LSIL\LSIL_90.jpg,27.09504043637834
LSIL,C:\Users\blessy\projects\cancer prediction\data\raw\LSIL\LSIL_196.jpg,39.82007901130754
LSIL,C:\Users\blessy\projects\cancer prediction\data\raw\LSIL\LSIL_257.jpg,55.12873804056934
LSIL,C:\Users\blessy\projects\cancer prediction\data\raw\LSIL\LSIL_193.jpg,33.310179663185025
LSIL,C:\Users\blessy\projects\cancer prediction\data\raw\LSIL\LSIL_44.jpg,25.114750227603153
LSIL,C:\Users\blessy\projects\cancer prediction\data\raw\LSIL\LSIL_37.jpg,37.43444379508786
LSIL,C:\Users\blessy\projects\cancer prediction\data\raw\LSIL\LSIL_214.jpg,29.17053468583233
LSIL,C:\Users\blessy\projects\cancer prediction\data\raw\LSIL\LSIL_122.jpg,36.74284129088775
LSIL,C:\Users\blessy\projects\cancer prediction\data\raw\LSIL\LSIL_141.jpg,49.56930984848592
LSIL,C:\Users\blessy\projects\cancer prediction\data\raw\LSIL\LSIL_294.jpg,43.373913490309604
LSIL,C:\Users\blessy\projects\cancer prediction\data\raw\LSIL\LSIL_226.jpg,31.856678062704226
LSIL,C:\Users\blessy\projects\cancer prediction\data\raw\LSIL\LSIL_119.jpg,39.87076705028369
LSIL,C:\Users\blessy\projects\cancer prediction\data\raw\LSIL\LSIL_10.jpg,27.77122401244514
LSIL,C:\Users\blessy\projects\cancer prediction\data\raw\LSIL\LSIL_252.jpg,54.8285340580121
LSIL,C:\Users\blessy\projects\cancer prediction\data\raw\LSIL\LSIL_159.jpg,49.79643676452063
LSIL,C:\Users\blessy\projects\cancer prediction\data\raw\LSIL\LSIL_22.jpg,41.9832610790195
LSIL,C:\Users\blessy\projects\cancer prediction\data\raw\LSIL\LSIL_173.jpg,53.39580236732069
LSIL,C:\Users\blessy\projects\cancer prediction\data\raw\LSIL\LSIL_302.jpg,43.084113954768966
LSIL,C:\Users\blessy\projects\cancer prediction\data\raw\LSIL\LSIL_66.jpg,40.11374072929729
LSIL,C:\Users\blessy\projects\cancer prediction\data\raw\LSIL\LSIL_296.jpg,25.802246064068463
LSIL,C:\Users\blessy\projects\cancer prediction\data\raw\LSIL\LSIL_70.jpg,48.69953656662477
LSIL,C:\Users\blessy\projects\cancer prediction\data\raw\LSIL\LSIL_150.jpg,37.422261414526226
LSIL,C:\Users\blessy\projects\cancer prediction\data\raw\LSIL\LSIL_133.jpg,32.67430469762193
LSIL,C:\Users\blessy\projects\cancer prediction\data\raw\LSIL\LSIL_168.jpg,28.716000092634943
LSIL,C:\Users\blessy\projects\cancer prediction\data\raw\LSIL\LSIL_63.jpg,63.224016807738685
LSIL,C:\Users\blessy\projects\cancer prediction\data\raw\LSIL\LSIL_115.jpg,38.834627848528655
LSIL,C:\Users\blessy\projects\cancer prediction\data\raw\LSIL\LSIL_80.jpg,26.831448565246966
LSIL,C:\Users\blessy\projects\cancer prediction\data\raw\LSIL\LSIL_167.jpg,49.153018511783394
LSIL,C:\Users\blessy\projects\cancer prediction\data\raw\LSIL\LSIL_298.jpg,41.775371430865974
LSIL,C:\Users\blessy\projects\cancer prediction\data\raw\LSIL\LSIL_158.jpg,29.546249506560272
LSIL,C:\Users\blessy\projects\cancer prediction\data\raw\LSIL\LSIL_118.jpg,38.50657969309241
LSIL,C:\Users\blessy\projects\cancer prediction\data\raw\LSIL\LSIL_240.jpg,33.46356140688968
LSIL,C:\Users\blessy\projects\cancer prediction\data\raw\LSIL\LSIL_267.jpg,37.770203984691975
LSIL,C:\Users\blessy\projects\cancer prediction\data\raw\LSIL\LSIL_117.jpg,44.42467870814846
LSIL,C:\Users\blessy\projects\cancer prediction\data\raw\LSIL\LSIL_264.jpg,41.10004375027231
LSIL,C:\Users\blessy\projects\cancer prediction\data\raw\LSIL\LSIL_213.jpg,37.92488785512143
LSIL,C:\Users\blessy\projects\cancer prediction\data\raw\LSIL\LSIL_146.jpg,41.91024326463507
LSIL,C:\Users\blessy\projects\cancer prediction\data\raw\LSIL\LSIL_262.jpg,42.19928249215869
LSIL,C:\Users\blessy\projects\cancer prediction\data\raw\LSIL\LSIL_7.jpg,29.91554276147626
LSIL,C:\Users\blessy\projects\cancer prediction\data\raw\LSIL\LSIL_287.jpg,34.11534559704853
LSIL,C:\Users\blessy\projects\cancer prediction\data\raw\LSIL\LSIL_98.jpg,40.32854259048633
LSIL,C:\Users\blessy\projects\cancer prediction\data\raw\LSIL\LSIL_208.jpg,47.870804126156095
LSIL,C:\Users\blessy\projects\cancer prediction\data\raw\LSIL\LSIL_174.jpg,29.426460759606684
LSIL,C:\Users\blessy\projects\cancer prediction\data\raw\LSIL\LSIL_180.jpg,27.580318852882613
LSIL,C:\Users\blessy\projects\cancer prediction\data\raw\LSIL\LSIL_29.jpg,42.19652772783035
LSIL,C:\Users\blessy\projects\cancer prediction\data\raw\LSIL\LSIL_11.jpg,42.65624221139136
LSIL,C:\Users\blessy\projects\cancer prediction\data\raw\LSIL\LSIL_181.jpg,26.422789465910064
LSIL,C:\Users\blessy\projects\cancer prediction\data\raw\LSIL\LSIL_289.jpg,32.637246169103015
LSIL,C:\Users\blessy\projects\cancer prediction\data\raw\LSIL\LSIL_221.jpg,54.70644190038159
NILM,C:\Users\blessy\projects\cancer prediction\data\raw\NILM\NILM_1292.jpg,52.93587000499306
NILM,C:\Users\blessy\projects\cancer prediction\data\raw\NILM\NILM_99.jpg,30.96127935297806
NILM,C:\Users\blessy\projects\cancer prediction\data\raw\NILM\NILM_1198.jpg,44.980224312842076
NILM,C:\Users\blessy\projects\cancer prediction\data\raw\NILM\NILM_400.jpg,44.43651476800138
NILM,C:\Users\blessy\projects\cancer prediction\data\raw\NILM\NILM_107.jpg,59.14258364118265
NILM,C:\Users\blessy\projects\cancer prediction\data\raw\NILM\NILM_563.jpg,32.83870846755778
NILM,C:\Users\blessy\projects\cancer prediction\data\raw\NILM\NILM_1408.jpg,32.55537061058256
NILM,C:\Users\blessy\projects\cancer prediction\data\raw\NILM\NILM_1366.jpg,30.06036682068438
NILM,C:\Users\blessy\projects\cancer prediction\data\raw\NILM\NILM_544.jpg,42.395409607183964
NILM,C:\Users\blessy\projects\cancer prediction\data\raw\NILM\NILM_340.jpg,65.70578596982641
NILM,C:\Users\blessy\projects\cancer prediction\data\raw\NILM\NILM_259.jpg,38.07861672961954
NILM,C:\Users\blessy\projects\cancer prediction\data\raw\NILM\NILM_1418.jpg,40.252401286718445
NILM,C:\Users\blessy\projects\cancer prediction\data\raw\NILM\NILM_1409.jpg,33.97507435391455
NILM,C:\Users\blessy\projects\cancer prediction\data\raw\NILM\NILM_1041.jpg,33.45491124781245
NILM,C:\Users\blessy\projects\cancer prediction\data\raw\NILM\NILM_912.jpg,37.29101284760359
NILM,C:\Users\blessy\projects\cancer prediction\data\raw\NILM\NILM_1354.jpg,29.190712330360157
NILM,C:\Users\blessy\projects\cancer prediction\data\raw\NILM\NILM_430.jpg,51.015346492397775
NILM,C:\Users\blessy\projects\cancer prediction\data\raw\NILM\NILM_300.jpg,42.106737924985744
NILM,C:\Users\blessy\projects\cancer prediction\data\raw\NILM\NILM_209.jpg,33.87954641631928
NILM,C:\Users\blessy\projects\cancer prediction\data\raw\NILM\NILM_1126.jpg,34.17235708644405
NILM,C:\Users\blessy\projects\cancer prediction\data\raw\NILM\NILM_21.jpg,36.470304263085
NILM,C:\Users\blessy\projects\cancer prediction\data\raw\NILM\NILM_343.jpg,22.51880255993595
NILM,C:\Users\blessy\projects\cancer prediction\data\raw\NILM\NILM_879.jpg,46.40623223427797
NILM,C:\Users\blessy\projects\cancer prediction\data\raw\NILM\NILM_635.jpg,32.27668197009307
NILM,C:\Users\blessy\projects\cancer prediction\data\raw\NILM\NILM_432.jpg,43.98115787944702
NILM,C:\Users\blessy\projects\cancer prediction\data\raw\NILM\NILM_949.jpg,41.58782449194779
NILM,C:\Users\blessy\projects\cancer prediction\data\raw\NILM\NILM_685.jpg,47.76929336104218
NILM,C:\Users\blessy\projects\cancer prediction\data\raw\NILM\NILM_306.jpg,34.147438174231034
NILM,C:\Users\blessy\projects\cancer prediction\data\raw\NILM\NILM_1049.jpg,46.757392219809724
NILM,C:\Users\blessy\projects\cancer prediction\data\raw\NILM\NILM_1210.jpg,38.5868027546997
NILM,C:\Users\blessy\projects\cancer prediction\data\raw\NILM\NILM_177.jpg,55.791373142928684
NILM,C:\Users\blessy\projects\cancer prediction\data\raw\NILM\NILM_1327.jpg,46.41639265682613
NILM,C:\Users\blessy\projects\cancer prediction\data\raw\NILM\NILM_767.jpg,43.63684448551869
NILM,C:\Users\blessy\projects\cancer prediction\data\raw\NILM\NILM_185.jpg,55.75861980376818
NILM,C:\Users\blessy\projects\cancer prediction\data\raw\NILM\NILM_1069.jpg,30.041936830042943
NILM,C:\Users\blessy\projects\cancer prediction\data\raw\NILM\NILM_1199.jpg,30.63695763669886
NILM,C:\Users\blessy\projects\cancer prediction\data\raw\NILM\NILM_796.jpg,44.580249371237805
NILM,C:\Users\blessy\projects\cancer prediction\data\raw\NILM\NILM_497.jpg,55.03339915793683
NILM,C:\Users\blessy\projects\cancer prediction\data\raw\NILM\NILM_332.jpg,22.04992996646706
NILM,C:\Users\blessy\projects\cancer prediction\data\raw\NILM\NILM_274.jpg,58.80747216712418
NILM,C:\Users\blessy\projects\cancer prediction\data\raw\NILM\NILM_50.jpg,30.781518951165538
NILM,C:\Users\blessy\projects\cancer prediction\data\raw\NILM\NILM_813.jpg,31.411094837926875
NILM,C:\Users\blessy\projects\cancer prediction\data\raw\NILM\NILM_639.jpg,37.47135798960822
NILM,C:\Users\blessy\projects\cancer prediction\data\raw\NILM\NILM_405.jpg,21.23770302684996
NILM,C:\Users\blessy\projects\cancer prediction\data\raw\NILM\NILM_759.jpg,35.8832644691347
NILM,C:\Users\blessy\projects\cancer prediction\data\raw\NILM\NILM_1349.jpg,44.74802986889151
NILM,C:\Users\blessy\projects\cancer prediction\data\raw\NILM\NILM_165.jpg,38.02143027376508
NILM,C:\Users\blessy\projects\cancer prediction\data\raw\NILM\NILM_108.jpg,35.50563151536341
NILM,C:\Users\blessy\projects\cancer prediction\data\raw\NILM\NILM_1000.jpg,41.97614139813342
NILM,C:\Users\blessy\projects\cancer prediction\data\raw\NILM\NILM_654.jpg,47.55074301955741
NILM,C:\Users\blessy\projects\cancer prediction\data\raw\NILM\NILM_689.jpg,53.087133880681804
NILM,C:\Users\blessy\projects\cancer prediction\data\raw\NILM\NILM_962.jpg,42.09022941852651
NILM,C:\Users\blessy\projects\cancer prediction\data\raw\NILM\NILM_932.jpg,43.98115787944702
NILM,C:\Users\blessy\projects\cancer prediction\data\raw\NILM\NILM_1361.jpg,28.979612208523235
NILM,C:\Users\blessy\projects\cancer prediction\data\raw\NILM\NILM_367.jpg,44.55171809177464
NILM,C:\Users\blessy\projects\cancer prediction\data\raw\NILM\NILM_491.jpg,62.351083891185034
NILM,C:\Users\blessy\projects\cancer prediction\data\raw\NILM\NILM_1127.jpg,30.69647600232888
NILM,C:\Users\blessy\projects\cancer prediction\data\raw\NILM\NILM_920.jpg,31.25683684037581
NILM,C:\Users\blessy\projects\cancer prediction\data\raw\NILM\NILM_304.jpg,23.23814215787617
NILM,C:\Users\blessy\projects\cancer prediction\data\raw\NILM\NILM_845.jpg,50.41138313738016
NILM,C:\Users\blessy\projects\cancer prediction\data\raw\NILM\NILM_919.jpg,30.458109731439933
NILM,C:\Users\blessy\projects\cancer prediction\data\raw\NILM\NILM_1228.jpg,37.04008583847704
NILM,C:\Users\blessy\projects\cancer prediction\data\raw\NILM\NILM_25.jpg,50.387094415937035
NILM,C:\Users\blessy\projects\cancer prediction\data\raw\NILM\NILM_630.jpg,41.41046851523164
NILM,C:\Users\blessy\projects\cancer prediction\data\raw\NILM\NILM_266.jpg,46.39504258778579
NILM,C:\Users\blessy\projects\cancer prediction\data\raw\NILM\NILM_925.jpg,35.49500264941252
NILM,C:\Users\blessy\projects\cancer prediction\data\raw\NILM\NILM_449.jpg,29.934329181999736
NILM,C:\Users\blessy\projects\cancer prediction\data\raw\NILM\NILM_298.jpg,25.0677498603332
NILM,C:\Users\blessy\projects\cancer prediction\data\raw\NILM\NILM_438.jpg,30.824969822688004
NILM,C:\Users\blessy\projects\cancer prediction\data\raw\NILM\NILM_981.jpg,43.98115787944702
NILM,C:\Users\blessy\projects\cancer prediction\data\raw\NILM\NILM_240.jpg,40.06120560111028
NILM,C:\Users\blessy\projects\cancer prediction\data\raw\NILM\NILM_718.jpg,38.657741324395765
NILM,C:\Users\blessy\projects\cancer prediction\data\raw\NILM\NILM_1232.jpg,29.822784002449843
NILM,C:\Users\blessy\projects\cancer prediction\data\raw\NILM\NILM_1351.jpg,25.57065236447157
NILM,C:\Users\blessy\projects\cancer prediction\data\raw\NILM\NILM_471.jpg,23.04689998887742
NILM,C:\Users\blessy\projects\cancer prediction\data\raw\NILM\NILM_921.jpg,46.086058406150364
NILM,C:\Users\blessy\projects\cancer prediction\data\raw\NILM\NILM_395.jpg,28.714494353172178
NILM,C:\Users\blessy\projects\cancer prediction\data\raw\NILM\NILM_945.jpg,30.264414981070992
NILM,C:\Users\blessy\projects\cancer prediction\data\raw\NILM\NILM_1319.jpg,23.31681700160714
NILM,C:\Users\blessy\projects\cancer prediction\data\raw\NILM\NILM_830.jpg,33.93130632853218
SC,C:\Users\blessy\projects\cancer prediction\data\raw\SC\SC_1.jpg,47.28471755593962
SC,C:\Users\blessy\projects\cancer prediction\data\raw\SC\SC_10.jpg,47.28471755593962
SC,C:\Users\blessy\projects\cancer prediction\data\raw\SC\SC_11.jpg,62.34185243683304
SC,C:\Users\blessy\projects\cancer prediction\data\raw\SC\SC_2.jpg,46.07648412715961
SC,C:\Users\blessy\projects\cancer prediction\data\raw\SC\SC_3.jpg,54.70644190038159
SC,C:\Users\blessy\projects\cancer prediction\data\raw\SC\SC_4.jpg,52.53363479603962
SC,C:\Users\blessy\projects\cancer prediction\data\raw\SC\SC_5.jpg,50.354313495360465
SC,C:\Users\blessy\projects\cancer prediction\data\raw\SC\SC_6.jpg,27.20539688647179
SC,C:\Users\blessy\projects\cancer prediction\data\raw\SC\SC_7.jpg,21.15797964448553
SC,C:\Users\blessy\projects\cancer prediction\data\raw\SC\SC_8.jpg,23.501475803568695
SC,C:\Users\blessy\projects\cancer prediction\data\raw\SC\SC_9.jpg,36.55146552188828
